id,email,encrypted_password,created_at,updated_at,name,authentication_token,slug,instance_id,time_zone,first_name,middle_name,last_name,external_id,properties,deleted_at
1,seller@example.com,$2a$10$wgNM1QRUyCFW14mLAo3JOu7ozsp6DA8IyU/vzG9tiLiZR7Lgp9zcS,2021-09-14 20:25:02.436597,2021-09-14 20:25:08.089341,,Q4P-BzsSJyHpHNnkr-if,9de9ce,3697,,,,,ed034dc5-540e-42ab-9453-75ece6abb7f2,"{""uuid"": ""ed034dc5-540e-42ab-9453-75ece6abb7f2"", ""phone"": """", ""avatar"": """", ""featured"": """", ""banned_at"": """", ""verified_at"": """", ""company_name"": """", ""country_name"": """", ""accept_emails"": """", ""mobile_number"": """", ""onboarding_completed"": """"}",
2,admin@example.com,$2a$10$Hk2GvdmkBQlVljzrRD/vXOQQK0rZeAzPvYRJxTfO/vVEXYjsBjP3y,2021-09-14 20:24:00.011442,2022-02-10 09:25:49.025459,,6ZyZcB-Re6szbbq26xQD,382750,3697,,,,,ffec6d59-76ba-40d7-a0a1-b594c038c058,"{""uuid"": ""ffec6d59-76ba-40d7-a0a1-b594c038c058"", ""phone"": """", ""avatar"": """", ""featured"": """", ""banned_at"": """", ""verified_at"": """", ""company_name"": """", ""country_name"": """", ""accept_emails"": """", ""mobile_number"": """", ""onboarding_completed"": """"}",
3,buyer@example.com,$2a$10$N6wkMD8Fm1iv4FgojHAxPuCEamy4yFluSRzwIPV7Y8xmZmvmIw4T6,2021-09-14 20:24:37.595053,2021-12-06 13:35:05.658575,,bdkZzjdoGFvE-gzDYDV2,202b02,3697,,,,,60593c97-165a-4a52-8e91-e26ae77f1cb8,"{""uuid"": ""60593c97-165a-4a52-8e91-e26ae77f1cb8"", ""phone"": """", ""avatar"": """", ""featured"": """", ""banned_at"": """", ""verified_at"": """", ""company_name"": """", ""country_name"": """", ""accept_emails"": """", ""mobile_number"": """", ""onboarding_completed"": """"}",
4,random@example.com,$2a$10$PmJt7N2xxc4CXEC/duMIOupENlTaENfAgoujwWfn9FGBu.L0pq1Tm,2021-09-14 20:24:17.211204,2021-09-14 20:24:19.119696,,NLtx13V8s84yi5r9HLaT,f22008,3697,,,,,2c8a51e2-291f-4f0d-94ea-ec010c222fbf,"{""uuid"": ""2c8a51e2-291f-4f0d-94ea-ec010c222fbf"", ""phone"": """", ""avatar"": """", ""featured"": """", ""banned_at"": """", ""verified_at"": """", ""company_name"": """", ""country_name"": """", ""accept_emails"": """", ""mobile_number"": """", ""onboarding_completed"": """"}",
5,lurker@example.com,$2a$10$PmJt7N2xxc4CXEC/duMIOupENlTaENfAgoujwWfn9FGBu.L0pq1Tm,2021-09-14 20:24:17.211204,2021-09-14 20:24:19.119696,,NLtx13V8s84yi5r9HLaT,f22009,3697,,,,,2c8a51e2-291f-4f0d-94ea-ec010c222fbc,"{""uuid"": ""2c8a51e2-291f-4f0d-94ea-ec010c222fbc"", ""phone"": """", ""avatar"": """", ""featured"": """", ""banned_at"": """", ""verified_at"": """", ""company_name"": """", ""country_name"": """", ""accept_emails"": """", ""mobile_number"": """", ""onboarding_completed"": """"}",
6,employee-a-1@example.com,$2a$10$PmJt7N2xxc4CXEC/duMIOupENlTaENfAgoujwWfn9FGBu.L0pq1Tm,2021-09-14 20:24:17.211204,2021-12-08 07:42:22.781586,,NLtx13V8s84yi5r9HLaT,3e5b08,3697,,,,,2c8a51e2-291f-4f0d-94ea-ec010c222fm1,"{""uuid"": ""2c8a51e2-291f-4f0d-94ea-ec010c222fm1"", ""phone"": """", ""avatar"": """", ""featured"": """", ""banned_at"": """", ""verified_at"": """", ""company_name"": """", ""country_name"": """", ""accept_emails"": """", ""mobile_number"": """", ""onboarding_completed"": """"}",
7,employee-b-1@example.com,$2a$10$PmJt7N2xxc4CXEC/duMIOupENlTaENfAgoujwWfn9FGBu.L0pq1Tm,2021-09-14 20:24:17.211204,2021-12-08 07:42:06.514262,,NLtx13V8s84yi5r9HLaT,3eaf5f,3697,,,,,2c8a51e2-291f-4f0d-94ea-ec010c222fm2,"{""uuid"": ""2c8a51e2-291f-4f0d-94ea-ec010c222fm2"", ""phone"": """", ""avatar"": """", ""featured"": """", ""banned_at"": """", ""verified_at"": """", ""company_name"": """", ""country_name"": """", ""accept_emails"": """", ""mobile_number"": """", ""onboarding_completed"": """"}",
8,employee-c-1@example.com,$2a$10$PmJt7N2xxc4CXEC/duMIOupENlTaENfAgoujwWfn9FGBu.L0pq1Tm,2021-09-14 20:24:17.211204,2021-12-08 07:35:08.587015,,NLtx13V8s84yi5r9HLaT,71e208,3697,,,,,2c8a51e2-291f-4f0d-94ea-ec010c222fm3,"{""uuid"": ""2c8a51e2-291f-4f0d-94ea-ec010c222fm3"", ""phone"": """", ""avatar"": """", ""featured"": """", ""banned_at"": """", ""verified_at"": """", ""company_name"": """", ""country_name"": """", ""accept_emails"": """", ""mobile_number"": """", ""onboarding_completed"": """"}",
9,employee-c-2@example.com,$2a$10$PmJt7N2xxc4CXEC/duMIOupENlTaENfAgoujwWfn9FGBu.L0pq1Tm,2021-09-14 20:24:17.211204,2021-09-14 20:24:19.119696,,NLtx13V8s84yi5r9HLaT,ee-c-2,3697,,,,,2c8a51e2-291f-4f0d-94ea-ec010c222fm4,"{""uuid"": ""2c8a51e2-291f-4f0d-94ea-ec010c222fm4"", ""phone"": """", ""avatar"": """", ""featured"": """", ""banned_at"": """", ""verified_at"": """", ""company_name"": """", ""country_name"": """", ""accept_emails"": """", ""mobile_number"": """", ""onboarding_completed"": """"}",
10,incomplete-profile@example.com,$2a$10$PmJt7N2xxc4CXEC/duMIOupENlTaENfAgoujwWfn9FGBu.L0pq1Tm,2021-09-14 20:24:17.211204,2021-09-14 20:24:19.119696,,NLtx13V8s84yi5r9HLaT,inc-pro-1,3697,,,,,2c8a51e2-291f-4f0d-94ea-ec010c222ip1,"{""uuid"": ""2c8a51e2-291f-4f0d-94ea-ec010c222ip1"", ""phone"": """", ""avatar"": """", ""featured"": """", ""banned_at"": """", ""verified_at"": """", ""company_name"": """", ""country_name"": """", ""accept_emails"": """", ""mobile_number"": """", ""onboarding_completed"": """"}",
11,new-superadmin@example.com,$2a$10$PmJt7N2xxc4CXEC/duMIOupENlTaENfAgoujwWfn9FGBu.L0pq1Tm,2021-09-14 20:24:17.211204,2021-09-14 20:24:19.119696,,NLtx13V8s84yi5r9HLaT,new-su-1,3697,,,,,2c8a51e2-291f-4f0d-94ea-ec010c222nsa,"{""uuid"": ""2c8a51e2-291f-4f0d-94ea-ec010c222nsa"", ""phone"": """", ""avatar"": """", ""featured"": """", ""banned_at"": """", ""verified_at"": """", ""company_name"": """", ""country_name"": """", ""accept_emails"": """", ""mobile_number"": """", ""onboarding_completed"": """"}",
12,change-password@example.com,$2a$10$PmJt7N2xxc4CXEC/duMIOupENlTaENfAgoujwWfn9FGBu.L0pq1Tm,2021-09-14 20:24:17.211204,2021-09-14 20:24:19.119696,,NLtx13V8s84yi5r9HLaT,cpass-1,3697,,,,,2c8a51e2-291f-4f0d-94ea-ec010c222cps,"{""uuid"": ""2c8a51e2-291f-4f0d-94ea-ec010c222cps"", ""phone"": """", ""avatar"": """", ""featured"": """", ""banned_at"": """", ""verified_at"": """", ""company_name"": """", ""country_name"": """", ""accept_emails"": """", ""mobile_number"": """", ""onboarding_completed"": """"}",
